Kanton,Link
graubuenden,http://www.energie.gr.ch
glarus,/de/projekt-planen/geforderte-massnahmen/warmedammung/?context=gl
glarus,/de/projekt-planen/geforderte-massnahmen/holzfeuerung/?context=gl
glarus,/de/projekt-planen/geforderte-massnahmen/warmepumpe/?context=gl
glarus,/de/projekt-planen/geforderte-massnahmen/anschluss-an-ein-warmenetz/?context=gl
glarus,/de/projekt-planen/geforderte-massnahmen/solarkollektor/?context=gl
glarus,/de/projekt-planen/geforderte-massnahmen/neubau-ersatzneubau-minergie-p-und-geak-aa/?context=gl
glarus,/de/projekt-planen/geforderte-massnahmen/51-neubauerweiterung-warmenetz-oder-warmeerzeugungsanlage/?context=gl
glarus,/de/projekt-planen/geforderte-massnahmen/analyse-und-beratung/?context=gl
glarus,/de/projekt-planen/geforderte-massnahmen/massnahmen-zur-qualitatssicherung/?context=gl
aargau,/de/projekt-planen/geforderte-massnahmen/warmedammung/?context=ag
aargau,/de/projekt-planen/geforderte-massnahmen/holzfeuerung/?context=ag
aargau,/de/projekt-planen/geforderte-massnahmen/warmepumpe/?context=ag
aargau,/de/projekt-planen/geforderte-massnahmen/anschluss-an-ein-warmenetz/?context=ag
aargau,/de/projekt-planen/geforderte-massnahmen/solarkollektor/?context=ag
aargau,/de/projekt-planen/geforderte-massnahmen/gesamtsanierung-mit-minergie-zertifikat/?context=ag
aargau,/de/projekt-planen/geforderte-massnahmen/bonus-fur-umfassende-sanierung/?context=ag
aargau,/de/projekt-planen/geforderte-massnahmen/neubau-ersatzneubau-minergie-p-und-geak-aa/?context=ag
aargau,/de/projekt-planen/geforderte-massnahmen/51-neubauerweiterung-warmenetz-oder-warmeerzeugungsanlage/?context=ag
aargau,/de/projekt-planen/geforderte-massnahmen/analyse-und-beratung/?context=ag
aargau,/de/projekt-planen/geforderte-massnahmen/massnahmen-zur-qualitatssicherung/?context=ag
appenzell-innerrhoden,/de/projekt-planen/geforderte-massnahmen/warmedammung/?context=ai
appenzell-innerrhoden,/de/projekt-planen/geforderte-massnahmen/holzfeuerung/?context=ai
appenzell-innerrhoden,/de/projekt-planen/geforderte-massnahmen/warmepumpe/?context=ai
appenzell-innerrhoden,/de/projekt-planen/geforderte-massnahmen/anschluss-an-ein-warmenetz/?context=ai
appenzell-innerrhoden,/de/projekt-planen/geforderte-massnahmen/solarkollektor/?context=ai
appenzell-innerrhoden,/de/projekt-planen/geforderte-massnahmen/wohnungsluftung/?context=ai
appenzell-innerrhoden,/de/projekt-planen/geforderte-massnahmen/gesamtsanierung-mit-minergie-zertifikat/?context=ai
appenzell-innerrhoden,/de/projekt-planen/geforderte-massnahmen/gesamtsanierung-mit-geak/?context=ai
appenzell-innerrhoden,/de/projekt-planen/geforderte-massnahmen/bonus-fur-umfassende-sanierung/?context=ai
appenzell-innerrhoden,/de/projekt-planen/geforderte-massnahmen/neubau-ersatzneubau-minergie-p-und-geak-aa/?context=ai
appenzell-innerrhoden,/de/projekt-planen/geforderte-massnahmen/massnahmen-zur-qualitatssicherung/?context=ai
luzern,/de/projekt-planen/geforderte-massnahmen/warmedammung/?context=lu
neuchatel,/fr/planifier-un-projet/mesures-encouragees/isolation-thermique/?context=ne
luzern,/de/projekt-planen/geforderte-massnahmen/holzfeuerung/?context=lu
luzern,/de/projekt-planen/geforderte-massnahmen/warmepumpe/?context=lu
neuchatel,/fr/planifier-un-projet/mesures-encouragees/chauffage-bois/?context=ne
neuchatel,/fr/planifier-un-projet/mesures-encouragees/pompe-chaleur/?context=ne
neuchatel,/fr/planifier-un-projet/mesures-encouragees/raccordement-un-reseau-de-chauffage/?context=ne
neuchatel,/fr/planifier-un-projet/mesures-encouragees/capteur-solaire/?context=ne
neuchatel,/fr/planifier-un-projet/mesures-encouragees/amelioration-de-la-classe-defficacite-cecb/?context=ne
neuchatel,/fr/planifier-un-projet/mesures-encouragees/renovation-complete-avec-certificat-minergie/?context=ne
neuchatel,/fr/planifier-un-projet/mesures-encouragees/nouvelle-constructionnouvelle-construction-de-remplacement-minergie-p-et-cecb/?context=ne
neuchatel,/fr/planifier-un-projet/mesures-encouragees/nouvelle-constructionextension-du-reseau-de-chaleur-etou-de-linstallation-de-production-de-chaleur/?context=ne
luzern,/de/projekt-planen/geforderte-massnahmen/anschluss-an-ein-warmenetz/?context=lu
luzern,/de/projekt-planen/geforderte-massnahmen/solarkollektor/?context=lu
luzern,/de/projekt-planen/geforderte-massnahmen/gesamtsanierung-mit-minergie-zertifikat/?context=lu
luzern,/de/projekt-planen/geforderte-massnahmen/analyse-und-beratung/?context=lu
jura,https://www.jura.ch/DEN/SDT/Energie/Subventions/Programme-Batiments-1/Programme-Batiments.html
basel-stadt,/de/projekt-planen/geforderte-massnahmen/warmedammung/?context=bs
basel-stadt,/de/projekt-planen/geforderte-massnahmen/holzfeuerung/?context=bs
basel-stadt,/de/projekt-planen/geforderte-massnahmen/warmepumpe/?context=bs
basel-stadt,/de/projekt-planen/geforderte-massnahmen/anschluss-an-ein-warmenetz/?context=bs
basel-stadt,/de/projekt-planen/geforderte-massnahmen/solarkollektor/?context=bs
basel-stadt,/de/projekt-planen/geforderte-massnahmen/wohnungsluftung/?context=bs
basel-stadt,/de/projekt-planen/geforderte-massnahmen/gesamtsanierung-mit-minergie-zertifikat/?context=bs
basel-stadt,/de/projekt-planen/geforderte-massnahmen/bonus-fur-umfassende-sanierung/?context=bs
basel-stadt,/de/projekt-planen/geforderte-massnahmen/neubau-ersatzneubau-minergie-p-und-geak-aa/?context=bs
basel-stadt,/de/projekt-planen/geforderte-massnahmen/51-neubauerweiterung-warmenetz-oder-warmeerzeugungsanlage/?context=bs
basel-stadt,/de/projekt-planen/geforderte-massnahmen/analyse-und-beratung/?context=bs
geneve,/fr/planifier-un-projet/mesures-encouragees/isolation-thermique/?context=ge
geneve,/fr/planifier-un-projet/mesures-encouragees/pompe-chaleur/?context=ge
geneve,/fr/planifier-un-projet/mesures-encouragees/raccordement-un-reseau-de-chauffage/?context=ge
geneve,/fr/planifier-un-projet/mesures-encouragees/capteur-solaire/?context=ge
geneve,/fr/planifier-un-projet/mesures-encouragees/ventilation-dans-les-habitations/?context=ge
geneve,/fr/planifier-un-projet/mesures-encouragees/amelioration-de-la-classe-defficacite-cecb/?context=ge
geneve,/fr/planifier-un-projet/mesures-encouragees/reduction-des-besoins-en-chaleur-de-chauffage-et-en-energie-de-chauffage/?context=ge
geneve,/fr/planifier-un-projet/mesures-encouragees/renovation-complete-avec-certificat-minergie/?context=ge
geneve,/fr/planifier-un-projet/mesures-encouragees/renovation-complete-avec-cecb/?context=ge
geneve,/fr/planifier-un-projet/mesures-encouragees/prime-pour-une-renovation-complete/?context=ge
geneve,/fr/planifier-un-projet/mesures-encouragees/nouvelle-constructionnouvelle-construction-de-remplacement-minergie-p-et-cecb/?context=ge
geneve,/fr/planifier-un-projet/mesures-encouragees/nouvelle-constructionextension-du-reseau-de-chaleur-etou-de-linstallation-de-production-de-chaleur/?context=ge
geneve,/fr/planifier-un-projet/mesures-encouragees/analyse-et-conseil/?context=ge
geneve,/fr/planifier-un-projet/mesures-encouragees/mesures-dassurance-de-la-qualite/?context=ge
bern,https://www.vol.be.ch/vol/de/index/energie/energie/foerderprogramm_energie.html
appenzell-ausserrhoden,/de/projekt-planen/geforderte-massnahmen/warmedammung/?context=ar
appenzell-ausserrhoden,/de/projekt-planen/geforderte-massnahmen/holzfeuerung/?context=ar
appenzell-ausserrhoden,/de/projekt-planen/geforderte-massnahmen/warmepumpe/?context=ar
appenzell-ausserrhoden,/de/projekt-planen/geforderte-massnahmen/anschluss-an-ein-warmenetz/?context=ar
appenzell-ausserrhoden,/de/projekt-planen/geforderte-massnahmen/solarkollektor/?context=ar
appenzell-ausserrhoden,/de/projekt-planen/geforderte-massnahmen/gesamtsanierung-mit-minergie-zertifikat/?context=ar
appenzell-ausserrhoden,/de/projekt-planen/geforderte-massnahmen/bonus-fur-umfassende-sanierung/?context=ar
appenzell-ausserrhoden,/de/projekt-planen/geforderte-massnahmen/neubau-ersatzneubau-minergie-p-und-geak-aa/?context=ar
appenzell-ausserrhoden,/de/projekt-planen/geforderte-massnahmen/massnahmen-zur-qualitatssicherung/?context=ar
nidwalden,/de/projekt-planen/geforderte-massnahmen/warmedammung/?context=nw
nidwalden,/de/projekt-planen/geforderte-massnahmen/holzfeuerung/?context=nw
nidwalden,/de/projekt-planen/geforderte-massnahmen/warmepumpe/?context=nw
nidwalden,/de/projekt-planen/geforderte-massnahmen/anschluss-an-ein-warmenetz/?context=nw
nidwalden,/de/projekt-planen/geforderte-massnahmen/solarkollektor/?context=nw
nidwalden,/de/projekt-planen/geforderte-massnahmen/neubau-ersatzneubau-minergie-p-und-geak-aa/?context=nw
nidwalden,/de/projekt-planen/geforderte-massnahmen/analyse-und-beratung/?context=nw
nidwalden,/de/projekt-planen/geforderte-massnahmen/massnahmen-zur-qualitatssicherung/?context=nw
freiburg,https://www.fr.ch/de/vwbd/afe/foerderprogramme-im-energiebereich
basel-landschaft,http://www.energiepaket-bl.ch/
st-gallen,https://www.energieagentur-sg.ch/index
obwalden,/de/projekt-planen/geforderte-massnahmen/warmedammung/?context=ow
obwalden,/de/projekt-planen/geforderte-massnahmen/holzfeuerung/?context=ow
obwalden,/de/projekt-planen/geforderte-massnahmen/warmepumpe/?context=ow
obwalden,/de/projekt-planen/geforderte-massnahmen/anschluss-an-ein-warmenetz/?context=ow
obwalden,/de/projekt-planen/geforderte-massnahmen/solarkollektor/?context=ow
obwalden,/de/projekt-planen/geforderte-massnahmen/bonus-fur-umfassende-sanierung/?context=ow
obwalden,/de/projekt-planen/geforderte-massnahmen/neubau-ersatzneubau-minergie-p-und-geak-aa/?context=ow
obwalden,/de/projekt-planen/geforderte-massnahmen/analyse-und-beratung/?context=ow
schaffhausen,http://www.sh.ch/Energiefachstelle.230.0.html
thurgau,https://energie.tg.ch
schwyz,/de/projekt-planen/geforderte-massnahmen/warmedammung/?context=sz
schwyz,/de/projekt-planen/geforderte-massnahmen/holzfeuerung/?context=sz
schwyz,/de/projekt-planen/geforderte-massnahmen/warmepumpe/?context=sz
schwyz,/de/projekt-planen/geforderte-massnahmen/anschluss-an-ein-warmenetz/?context=sz
schwyz,/de/projekt-planen/geforderte-massnahmen/solarkollektor/?context=sz
schwyz,/de/projekt-planen/geforderte-massnahmen/gesamtsanierung-mit-minergie-zertifikat/?context=sz
schwyz,/de/projekt-planen/geforderte-massnahmen/analyse-und-beratung/?context=sz
solothurn,/de/projekt-planen/geforderte-massnahmen/warmedammung/?context=so
solothurn,/de/projekt-planen/geforderte-massnahmen/holzfeuerung/?context=so
solothurn,/de/projekt-planen/geforderte-massnahmen/warmepumpe/?context=so
solothurn,/de/projekt-planen/geforderte-massnahmen/anschluss-an-ein-warmenetz/?context=so
solothurn,/de/projekt-planen/geforderte-massnahmen/solarkollektor/?context=so
solothurn,/de/projekt-planen/geforderte-massnahmen/gesamtsanierung-mit-minergie-zertifikat/?context=so
solothurn,/de/projekt-planen/geforderte-massnahmen/neubau-ersatzneubau-minergie-p-und-geak-aa/?context=so
solothurn,/de/projekt-planen/geforderte-massnahmen/51-neubauerweiterung-warmenetz-oder-warmeerzeugungsanlage/?context=so
solothurn,/de/projekt-planen/geforderte-massnahmen/analyse-und-beratung/?context=so
solothurn,/de/projekt-planen/geforderte-massnahmen/massnahmen-zur-qualitatssicherung/?context=so
ticino,http://www.ti.ch/incentivi
uri,/de/projekt-planen/geforderte-massnahmen/warmedammung/?context=ur
uri,/de/projekt-planen/geforderte-massnahmen/holzfeuerung/?context=ur
uri,/de/projekt-planen/geforderte-massnahmen/warmepumpe/?context=ur
uri,/de/projekt-planen/geforderte-massnahmen/anschluss-an-ein-warmenetz/?context=ur
uri,/de/projekt-planen/geforderte-massnahmen/solarkollektor/?context=ur
uri,/de/projekt-planen/geforderte-massnahmen/neubau-ersatzneubau-minergie-p-und-geak-aa/?context=ur
uri,/de/projekt-planen/geforderte-massnahmen/analyse-und-beratung/?context=ur
uri,/de/projekt-planen/geforderte-massnahmen/massnahmen-zur-qualitatssicherung/?context=ur
zug,/de/projekt-planen/geforderte-massnahmen/warmedammung/?context=zg
zug,/de/projekt-planen/geforderte-massnahmen/holzfeuerung/?context=zg
zug,/de/projekt-planen/geforderte-massnahmen/warmepumpe/?context=zg
zug,/de/projekt-planen/geforderte-massnahmen/anschluss-an-ein-warmenetz/?context=zg
zug,/de/projekt-planen/geforderte-massnahmen/gesamtsanierung-mit-minergie-zertifikat/?context=zg
zug,/de/projekt-planen/geforderte-massnahmen/analyse-und-beratung/?context=zg
vaud,/de/projekt-planen/geforderte-massnahmen/warmedammung/?context=vd
vaud,/de/projekt-planen/geforderte-massnahmen/holzfeuerung/?context=vd
vaud,/de/projekt-planen/geforderte-massnahmen/warmepumpe/?context=vd
vaud,/de/projekt-planen/geforderte-massnahmen/anschluss-an-ein-warmenetz/?context=vd
vaud,/de/projekt-planen/geforderte-massnahmen/solarkollektor/?context=vd
vaud,/de/projekt-planen/geforderte-massnahmen/wohnungsluftung/?context=vd
vaud,/de/projekt-planen/geforderte-massnahmen/gesamtsanierung-mit-minergie-zertifikat/?context=vd
vaud,/de/projekt-planen/geforderte-massnahmen/gesamtsanierung-mit-geak/?context=vd
vaud,/de/projekt-planen/geforderte-massnahmen/bonus-fur-umfassende-sanierung/?context=vd
vaud,/de/projekt-planen/geforderte-massnahmen/51-neubauerweiterung-warmenetz-oder-warmeerzeugungsanlage/?context=vd
vaud,/de/projekt-planen/geforderte-massnahmen/analyse-und-beratung/?context=vd
vaud,/de/projekt-planen/geforderte-massnahmen/massnahmen-zur-qualitatssicherung/?context=vd
wallis,/de/projekt-planen/geforderte-massnahmen/warmedammung/?context=vs
wallis,/de/projekt-planen/geforderte-massnahmen/holzfeuerung/?context=vs
wallis,/de/projekt-planen/geforderte-massnahmen/warmepumpe/?context=vs
wallis,/de/projekt-planen/geforderte-massnahmen/anschluss-an-ein-warmenetz/?context=vs
wallis,/de/projekt-planen/geforderte-massnahmen/solarkollektor/?context=vs
wallis,/de/projekt-planen/geforderte-massnahmen/verbesserung-der-geak-effizienzklasse/?context=vs
wallis,/de/projekt-planen/geforderte-massnahmen/neubau-ersatzneubau-minergie-p-und-geak-aa/?context=vs
wallis,/de/projekt-planen/geforderte-massnahmen/51-neubauerweiterung-warmenetz-oder-warmeerzeugungsanlage/?context=vs
wallis,/de/projekt-planen/geforderte-massnahmen/analyse-und-beratung/?context=vs
zuerich,/de/projekt-planen/geforderte-massnahmen/warmedammung/?context=zh
zuerich,/de/projekt-planen/geforderte-massnahmen/warmepumpe/?context=zh
zuerich,/de/projekt-planen/geforderte-massnahmen/anschluss-an-ein-warmenetz/?context=zh
zuerich,/de/projekt-planen/geforderte-massnahmen/gesamtsanierung-mit-minergie-zertifikat/?context=zh
zuerich,/de/projekt-planen/geforderte-massnahmen/analyse-und-beratung/?context=zh
zuerich,https://www.starte-zh.ch/
zuerich,https://rechner.dasgebaeudeprogramm.ch/zh
